name,amc,category,ngen,age,aum,ter,cagr,sd,sharpe,sortino,var,r1,r2,r3,r5,r7,r10,r15,beta,infratio,upcap,downcap,pe,pb
Baroda BNP Paribas Small Cap Fund,Baroda BNP Paribas,Small Cap,4.27,2.65,1222.0,2.19,12.28,17.23,0.36,0.41,29.91,6.3,1.82,,,,,,0.81,-0.1,71.75,78.25,31.33,3.89
Bandhan Small Cap Fund,Bandhan,Small Cap,7.92,6.34,27219.0,1.59,28.62,17.26,1.15,1.31,28.58,8.35,10.54,27.41,20.5,,,,0.92,0.65,90.04,83.13,18.1,2.18
Canara Robeco Small Cap Fund,Canara Robeco,Small Cap,2.99,7.37,13364.0,1.7,20.57,17.49,0.77,0.83,28.23,4.17,1.47,13.76,16.77,22.16,,,0.86,-0.36,75.86,84.78,30.64,3.71
Edelweiss Small Cap Fund,Edelweiss,Small Cap,4.45,7.39,6156.0,1.83,22.95,17.32,0.89,0.96,26.89,7.59,4.37,17.32,17.77,22.74,,,0.85,0.26,79.42,78.78,33.11,4.44
UTI-Small Cap Fund,UTI,Small Cap,3.35,5.52,4970.0,1.81,19.82,15.57,0.8,0.96,26.52,6.33,6.52,16.07,16.36,,,,0.89,0.38,89.44,86.02,29.11,3.99
Kotak Small Cap Fund,Kotak,Small Cap,1.82,21.39,17806.0,1.68,16.56,18.45,0.55,0.64,27.96,3.13,0.75,13.38,13.98,20.99,16.86,17.04,0.81,-0.58,77.59,93.07,33.19,3.92
HDFC Small Cap Fund,HDFC,Small Cap,3.09,18.28,38809.0,1.53,15.46,18.5,0.5,0.61,28.64,2.74,2.56,14.09,16.72,18.7,17.6,16.4,0.83,-0.24,70.19,79.01,22.2,2.82
Franklin India Small Cap Fund,Franklin India,Small Cap,4.09,20.5,13847.0,1.7,15.01,18.6,0.48,0.55,28.43,3.75,-0.29,16.39,18.33,18.83,15.22,18.27,0.85,-0.26,82.87,90.54,28.5,3.1
Nippon India Small Cap Fund,Nippon India,Small Cap,6.98,15.82,74604.0,1.33,20.05,16.58,0.77,0.89,26.92,8.83,3.34,18.74,20.88,24.49,21.07,21.55,0.85,0.17,86.43,87.24,30.33,3.62
Aditya Birla SL Small Cap Fund,Aditya Birla SL,Small Cap,4.59,19.12,5453.0,1.85,12.39,18.64,0.35,0.42,29.27,12.21,5.43,17.1,14.15,16.32,13.23,14.92,0.9,0.62,96.21,88.63,30.57,3.38
AXIS Small Cap Fund,AXIS,Small Cap,4.43,12.6,27840.0,1.58,21.06,14.59,0.91,1.03,21.65,7.03,6.06,15.68,17.35,21.17,18.48,,0.8,0.58,83.25,76.67,31.02,3.85
PGIM India Small Cap Fund,PGIM India,Small Cap,4.09,4.91,1567.0,2.13,11.78,15.88,0.35,0.42,26.42,11.41,7.08,15.5,,,,,0.82,0.59,79.42,71.97,47.59,5.79
ICICI Pru Smallcap Fund,ICICI Pru,Small Cap,3.01,18.74,8949.0,1.75,12.39,16.4,0.38,0.44,24.61,5.0,1.76,13.45,15.83,19.87,16.26,15.39,0.73,-0.02,68.48,75.14,23.59,2.62
Sundaram Small Cap Fund,Sundaram,Small Cap,5.43,21.42,3681.0,1.9,16.99,20.92,0.53,0.62,32.55,14.18,8.32,19.35,18.24,20.13,15.02,16.19,0.88,1.03,97.6,81.91,27.84,3.2
DSP Small Cap Fund,DSP,Small Cap,5.38,19.08,18358.0,1.69,17.41,20.28,0.55,0.61,27.12,10.42,8.67,18.46,18.39,21.63,16.58,19.33,0.88,0.8,94.82,84.0,29.28,3.7
Union Small Cap Fund,Union,Small Cap,5.59,12.05,2094.0,2.04,15.38,16.87,0.53,0.59,26.91,20.87,10.23,19.16,18.24,22.98,16.69,,0.99,1.34,107.02,83.59,39.29,5.48
SBI Small Cap Fund,SBI,Small Cap,1.93,16.84,37395.0,1.53,18.54,15.25,0.74,0.93,24.73,4.31,0.2,12.81,14.36,19.48,18.1,20.16,0.73,-0.27,66.29,77.66,33.87,3.97
LIC MF Small Cap Fund,LIC MF,Small Cap,4.17,9.03,695.0,2.33,14.19,17.33,0.46,0.51,26.39,13.12,3.81,17.63,18.51,20.18,,,1.0,0.02,99.98,99.67,33.05,4.18
Mahindra Manulife Small Cap Fund,Mahindra Manulife,Small Cap,5.25,3.53,4591.0,1.85,23.31,17.07,0.91,1.04,29.23,12.88,5.45,22.24,,,,,0.92,0.29,85.9,84.48,29.38,3.24
HSBC Small Cap Fund,HSBC,Small Cap,4.07,12.15,16877.0,1.68,19.49,17.13,0.73,0.82,26.86,8.37,2.18,17.06,19.23,20.74,18.81,,0.99,-0.13,104.78,105.7,33.15,4.22
ITI Small Cap Fund,ITI,Small Cap,4.48,6.37,3034.0,1.92,19.83,20.0,0.66,0.69,32.35,13.85,7.72,24.33,16.5,,,,0.99,1.42,105.69,85.52,37.4,4.79
Quant Small Cap Fund,Quant,Small Cap,5.75,29.55,31774.0,1.58,11.82,18.04,0.33,0.27,14.61,12.43,2.38,20.33,20.48,29.96,19.82,16.17,0.84,0.2,81.98,81.56,29.91,2.7
Quantum Small Cap Fund,Quantum,Small Cap,4.43,2.64,225.0,2.17,11.6,14.42,0.36,0.47,25.05,8.44,7.09,,,,,,0.76,0.78,79.04,66.05,22.37,2.81
TRUSTMF Small Cap Fund,TRUSTMF,Small Cap,6.02,1.63,1891.0,2.03,14.52,18.9,0.45,0.56,36.7,26.13,,,,,,,0.92,2.19,125.0,78.97,42.79,5.5
Tata Small Cap Fund,Tata,Small Cap,3.79,7.63,11645.0,1.67,18.94,16.65,0.71,0.79,27.35,-4.48,-1.05,12.13,15.11,20.33,,,0.9,-1.5,60.63,96.57,31.71,2.81
JM Small Cap Fund,JM,Small Cap,4.62,2.0,730.0,2.35,5.21,21.02,0.02,0.03,35.18,12.62,,,,,,,1.05,0.32,117.12,105.77,29.81,2.85
Invesco India Smallcap Fund,Invesco India,Small Cap,6.16,7.67,11717.0,1.73,22.01,18.04,0.81,0.89,26.91,12.8,10.23,23.27,20.8,23.74,,,0.95,1.34,118.25,93.03,41.67,4.48
Bank of India Small Cap Fund,Bank of India,Small Cap,5.98,7.53,2318.0,2.04,25.12,17.94,0.96,1.06,26.41,19.92,9.2,21.82,19.93,26.67,,,1.01,0.98,114.94,94.79,35.16,4.52
Motilal Oswal Small Cap Fund,Motilal Oswal,Small Cap,4.97,2.48,6515.0,1.84,20.23,17.67,0.74,0.92,30.98,16.71,15.38,,,,,,0.88,1.52,124.29,91.82,32.83,4.43
DSP Large Cap Fund,DSP,Large Cap,4.42,23.37,7175.0,4.14,17.77,19.26,0.59,0.73,29.13,-2.9,3.03,13.33,10.85,11.85,11.36,10.84,0.87,1.08,108.05,87.18,19.47,2.87
Baroda BNP Paribas Large Cap Fund,Baroda BNP Paribas,Large Cap,5.55,21.82,2550.0,2.0,15.2,18.71,0.48,0.59,27.12,0.79,1.15,13.01,11.78,13.44,12.55,13.43,0.96,0.67,111.14,98.85,24.82,3.53
UTI-Large Cap Fund,UTI,Large Cap,1.85,31.76,11853.0,1.91,6.19,21.33,0.07,0.07,28.8,-3.77,0.23,8.89,8.47,11.53,11.31,11.27,0.91,0.12,98.33,97.53,23.11,3.23
Mahindra Manulife Large Cap Fund,Mahindra Manulife,Large Cap,2.07,7.29,687.0,2.34,11.38,16.39,0.32,0.38,23.32,-3.99,0.04,9.95,9.19,11.8,,,0.95,0.31,102.52,98.64,23.54,3.18
Franklin India Large Cap Fund,Franklin India,Large Cap,3.21,31.77,7145.0,1.8,13.13,22.29,0.37,0.39,29.69,-1.22,2.31,11.01,8.97,11.77,10.56,10.92,0.92,0.62,103.33,92.29,25.14,3.53
ICICI Pru Large Cap Fund,ICICI Pru,Large Cap,7.17,18.14,76297.0,1.34,14.01,17.73,0.44,0.56,25.42,-0.82,3.11,13.91,13.45,14.19,13.82,13.58,0.93,0.99,103.92,91.02,22.75,3.29
JM Large Cap Fund,JM,Large Cap,4.84,31.31,416.0,2.45,9.16,21.41,0.2,0.24,33.08,0.45,-1.98,11.85,11.52,12.37,10.87,10.46,1.06,-0.24,100.39,105.63,25.54,3.6
Tata Large Cap Fund,Tata,Large Cap,5.09,28.22,2682.0,1.96,14.9,22.91,0.43,0.46,31.95,1.92,1.75,11.75,11.19,12.15,11.86,11.84,1.0,0.75,105.6,92.25,23.1,3.36
Canara Robeco Large Cap Fund,Canara Robeco,Large Cap,3.43,15.89,16323.0,1.69,12.03,14.8,0.38,0.47,22.61,-2.35,2.19,11.04,10.03,13.43,13.46,12.65,0.97,1.07,107.89,94.21,24.75,3.58
Aditya Birla SL Large Cap Fund,Aditya Birla SL,Large Cap,4.46,23.89,28640.0,1.58,17.88,18.75,0.61,0.75,27.61,-2.16,1.7,11.2,11.01,12.48,11.84,12.67,0.96,0.93,110.9,98.97,24.13,3.36
Edelweiss Large Cap Fund,Edelweiss,Large Cap,4.05,17.15,1422.0,2.13,13.07,15.5,0.43,0.53,23.66,-0.86,1.03,10.77,10.88,12.5,12.51,12.61,0.97,0.51,106.64,98.99,21.29,3.22
Nippon India Large Cap Fund,Nippon India,Large Cap,7.66,18.93,51660.0,1.44,12.28,19.7,0.34,0.42,29.89,0.66,2.9,14.04,15.39,14.45,14.4,14.0,0.99,1.17,109.96,89.96,25.28,3.64
Union Largecap Fund,Union,Large Cap,2.99,9.14,436.0,2.42,9.6,16.12,0.22,0.26,22.03,,0.04,9.77,9.43,11.35,,,1.01,,96.56,96.51,26.25,3.54
WhiteOak Capital Large Cap Fund,WhiteOak Capital,Large Cap,5.11,3.56,1171.0,2.21,11.49,12.64,0.38,0.47,19.76,0.63,3.39,13.25,,,,,0.97,1.29,115.41,90.03,23.23,3.22
Kotak Large Cap Fund,Kotak,Large Cap,4.22,27.57,10516.0,1.76,15.72,17.96,0.52,0.6,25.61,-0.67,2.0,11.69,10.62,13.2,12.31,12.22,0.97,1.08,109.44,95.1,21.59,3.18
Bandhan Large Cap Fund,Bandhan,Large Cap,5.67,20.1,2001.0,2.05,10.68,19.54,0.27,0.3,25.45,2.44,3.5,13.3,11.72,13.1,12.6,11.34,0.97,0.96,118.04,98.44,25.08,3.39
Motilal Oswal Large Cap Fund,Motilal Oswal,Large Cap,4.13,2.37,3117.0,1.97,13.99,13.92,0.52,0.68,20.96,-0.6,7.61,,,,,,0.97,2.4,127.46,79.04,20.94,2.93
PGIM India Large Cap Fund,PGIM India,Large Cap,2.51,23.5,535.0,2.46,16.03,19.49,0.51,0.62,28.36,-1.94,1.09,7.9,7.31,9.85,10.02,10.55,0.96,0.15,105.5,103.26,24.59,3.53
Mirae Asset Large Cap Fund,Mirae Asset,Large Cap,3.52,18.26,37692.0,1.54,14.09,18.32,0.44,0.54,26.52,0.2,3.12,10.06,9.5,11.65,12.73,13.66,0.98,1.13,111.9,96.78,23.08,3.32
HDFC Large Cap Fund,HDFC,Large Cap,4.85,29.79,37808.0,1.53,17.14,21.41,0.53,0.66,32.67,-0.5,1.2,11.55,12.35,11.89,12.76,11.93,0.99,0.24,97.99,94.78,24.88,3.3
LIC MF Large Cap Fund,LIC MF,Large Cap,0.91,28.32,1330.0,2.12,9.39,24.98,0.21,0.24,33.31,-4.04,0.02,8.51,8.66,11.33,10.68,10.73,1.0,0.19,111.65,107.2,23.68,3.38
Groww Large Cap Fund,Groww,Large Cap,4.18,14.41,129.0,2.72,10.6,15.87,0.28,0.34,23.84,1.64,0.69,11.4,10.3,10.29,10.93,,1.01,0.47,104.28,95.68,25.14,3.43
SBI Large Cap Fund,SBI,Large Cap,5.48,20.42,53527.0,1.43,11.57,18.53,0.31,0.38,27.63,2.86,3.97,10.85,11.43,12.95,12.14,13.55,0.92,1.41,107.71,85.67,26.55,3.59
AXIS Large Cap Fund,AXIS,Large Cap,3.17,16.52,30005.0,1.57,11.32,14.71,0.34,0.44,23.46,-1.23,0.91,9.19,7.09,10.24,11.72,12.17,0.93,0.45,101.7,94.99,25.8,3.73
HSBC Large Cap Fund,HSBC,Large Cap,3.93,23.61,1758.0,2.1,17.71,19.27,0.59,0.73,29.45,1.48,1.84,11.46,10.25,12.06,12.03,10.91,1.04,0.46,107.02,97.55,24.2,3.3
Bank of India Large Cap Fund,Bank of India,Large Cap,6.46,5.0,213.0,2.47,10.81,14.56,0.31,0.37,23.79,7.46,1.53,14.37,,,,,1.06,0.36,114.89,103.12,23.41,3.09
ITI Large Cap Fund,ITI,Large Cap,2.48,5.51,361.0,2.37,10.32,14.78,0.28,0.34,23.6,-1.28,-1.21,10.38,8.7,,,,1.12,-0.06,112.17,111.69,23.53,3.07
Sundaram Large Cap Fund,Sundaram,Large Cap,1.77,5.72,3001.0,1.94,13.51,13.49,0.5,0.65,21.57,-1.63,0.79,9.04,9.36,,,,0.94,-0.07,91.49,92.81,23.55,3.38
Invesco India Largecap Fund,Invesco India,Large Cap,6.3,16.87,1749.0,2.07,12.21,15.41,0.38,0.47,23.29,3.28,4.23,14.17,12.85,13.71,12.75,12.6,1.03,1.13,130.48,101.88,30.54,4.06
Quant Large Cap Fund,Quant,Large Cap,7.54,3.88,3281.0,1.96,12.36,15.11,0.39,0.51,25.22,8.02,1.67,15.27,,,,,1.02,0.14,111.14,105.34,38.11,3.82
Parag Parikh Flexi Cap Fund,Parag Parikh,Flexi Cap,6.63,13.11,141447.0,1.21,17.43,11.79,0.84,1.02,17.95,-1.41,4.79,14.52,14.28,18.44,16.85,,0.58,0.13,57.32,45.32,16.66,2.76
NJ Flexi Cap Fund,NJ,Flexi Cap,3.13,2.8,2560.0,2.01,8.72,14.6,0.18,0.22,23.82,-3.5,-4.69,,,,,,0.9,-1.13,71.96,106.04,26.11,4.58
Tata Flexi Cap Fund,Tata,Flexi Cap,4.11,7.82,3630.0,1.91,11.56,15.38,0.34,0.39,23.62,-1.98,2.77,11.98,10.26,12.38,,,0.85,-0.12,81.77,82.16,24.12,2.98
Edelweiss Flexi Cap Fund,Edelweiss,Flexi Cap,5.77,11.42,3374.0,1.92,12.49,15.98,0.39,0.45,24.1,2.86,2.73,15.1,13.62,14.72,14.59,,1.01,0.4,101.08,95.72,25.26,3.49
Sundaram Flexi Cap Fund,Sundaram,Flexi Cap,3.8,3.8,1962.0,2.03,9.75,12.17,0.26,0.33,19.04,-1.48,2.41,10.36,,,,,0.89,-0.42,82.53,88.06,22.92,3.01
Taurus Flexi Cap Fund,Taurus,Flexi Cap,3.91,30.57,344.0,2.46,12.08,23.58,0.31,0.37,35.77,0.52,-0.85,12.63,10.48,10.36,9.74,9.62,0.98,-0.93,92.91,109.75,19.0,2.65
SBI Flexi Cap Fund,SBI,Flexi Cap,3.64,20.8,22387.0,1.64,12.08,18.63,0.34,0.4,28.45,0.69,0.99,9.51,9.58,11.74,11.93,13.13,0.83,-0.6,78.48,88.92,20.4,2.82
Mirae Asset Flexi Cap Fund,Mirae Asset,Flexi Cap,5.29,3.33,4080.0,1.92,15.13,13.41,0.61,0.73,21.29,3.97,4.5,13.51,,,,,0.97,0.5,97.3,89.52,25.82,3.68
Baroda BNP Paribas Flexi Cap Fund,Baroda BNP Paribas,Flexi Cap,5.1,3.86,1221.0,2.19,12.5,13.97,0.42,0.49,21.95,3.15,2.27,13.83,,,,,1.0,-0.09,104.11,106.07,26.98,3.38
Canara Robeco Flexi Cap Fund,Canara Robeco,Flexi Cap,4.28,22.84,13010.0,1.73,16.66,19.77,0.53,0.63,29.29,1.04,3.1,12.17,11.03,13.98,14.17,13.0,0.93,0.26,96.86,93.49,28.62,4.21
HSBC Flexi Cap Fund,HSBC,Flexi Cap,6.71,22.4,5538.0,1.86,14.95,19.32,0.46,0.55,29.43,5.57,4.81,17.49,14.27,15.24,13.12,13.45,1.08,0.72,118.69,106.75,24.98,3.09
Mahindra Manulife Flexi Cap Fund,Mahindra Manulife,Flexi Cap,3.83,4.85,1527.0,2.07,9.86,13.78,0.25,0.31,22.35,-0.98,1.16,11.51,,,,,0.91,-0.77,86.92,96.99,26.57,3.39
Aditya Birla SL Flexi Cap Fund,Aditya Birla SL,Flexi Cap,6.64,27.91,26032.0,1.6,20.64,22.86,0.64,0.78,33.84,6.65,6.99,16.16,12.62,14.86,14.29,14.5,0.91,1.35,104.48,86.92,27.66,3.82
Kotak Flexi Cap Fund,Kotak,Flexi Cap,5.21,16.83,54801.0,1.43,13.56,15.42,0.46,0.56,24.08,1.28,2.97,13.74,12.13,13.16,13.58,14.34,0.99,0.18,97.22,94.01,23.66,3.21
Samco Flexi Cap Fund,Samco,Flexi Cap,3.41,4.39,283.0,3.31,0.05,16.42,-0.33,-0.42,27.22,-5.83,-10.43,-0.13,,,,,1.09,-1.35,83.96,153.07,22.5,4.82
Bandhan Flexi Cap Fund,Bandhan,Flexi Cap,4.63,20.8,7257.0,1.8,15.74,17.55,0.53,0.61,25.81,1.6,3.38,13.13,11.52,12.5,11.14,13.37,0.88,0.07,88.57,86.3,22.27,3.02
Franklin India Flexi Cap Fund,Franklin India,Flexi Cap,4.74,31.63,18797.0,1.66,17.66,19.78,0.58,0.72,28.88,-2.25,1.86,14.44,13.77,15.6,13.28,14.17,0.91,-0.52,88.32,94.43,23.39,3.25
Nippon India Flexi Cap Fund,Nippon India,Flexi Cap,4.61,4.87,9325.0,1.74,10.86,14.73,0.31,0.37,23.98,1.54,0.41,12.94,,,,,1.01,-0.55,96.79,103.62,26.58,3.53
JM Flexicap Fund,JM,Flexi Cap,5.76,17.8,5069.0,1.86,13.66,20.63,0.39,0.49,30.63,1.12,-2.12,16.22,16.64,17.41,16.46,14.45,1.03,-0.7,94.62,110.66,22.85,2.96
PGIM India Flexi Cap Fund,PGIM India,Flexi Cap,3.53,11.34,5733.0,1.85,11.99,15.72,0.36,0.42,23.91,1.98,3.61,10.11,9.44,15.33,13.8,,0.93,-0.05,91.3,91.47,30.18,4.32
Shriram Flexi Cap Fund,Shriram,Flexi Cap,2.62,7.75,129.0,2.41,9.15,16.28,0.2,0.23,24.87,0.37,-5.87,8.5,8.44,9.29,,,1.03,-1.54,77.35,120.13,20.05,3.18
HDFC Flexi Cap Fund,HDFC,Flexi Cap,7.71,31.58,101822.0,1.27,18.53,20.9,0.59,0.77,31.87,2.56,6.06,17.45,17.84,16.58,15.98,14.16,0.78,0.74,87.54,69.91,23.64,3.21
TRUSTMF Flexi Cap Fund,TRUSTMF,Flexi Cap,4.42,2.15,1043.0,2.2,7.12,16.07,0.08,0.1,27.07,3.38,3.68,,,,,,1.0,0.29,101.83,94.26,31.15,4.48
Bank of India Flexi Cap Fund,Bank of India,Flexi Cap,7.59,6.0,2460.0,2.01,24.46,16.61,0.99,1.13,26.31,11.32,3.08,20.92,16.9,,,,1.15,0.12,109.79,105.35,24.04,3.47
WhiteOak Capital Flexi Cap Fund,WhiteOak Capital,Flexi Cap,5.26,3.9,8136.0,1.8,15.41,12.84,0.65,0.78,20.54,3.51,5.88,15.75,,,,,0.94,0.93,104.83,91.12,24.86,3.36
DSP Flexi Cap Fund,DSP,Flexi Cap,4.1,19.1,11798.0,2.0,12.93,18.14,0.38,0.46,27.78,0.81,2.58,13.08,11.03,14.5,14.23,13.08,0.96,0.34,105.15,99.85,20.91,3.23
Union Flexi Cap Fund,Union,Flexi Cap,4.57,15.08,2289.0,2.02,11.43,15.17,0.34,0.41,23.46,2.14,2.69,12.27,11.66,14.7,13.11,11.47,0.96,-0.37,93.55,98.15,30.2,3.89
Bajaj Finserv Flexi Cap Fund,Bajaj Finserv,Flexi Cap,5.04,2.86,7195.0,1.81,15.77,13.22,0.66,0.77,22.75,6.39,5.95,,,,,,0.9,1.12,117.41,98.25,32.6,4.35
UTI-Flexi Cap Fund,UTI,Flexi Cap,4.13,31.76,22248.0,1.62,9.06,21.03,0.19,0.21,30.95,-3.72,1.79,7.53,6.08,11.94,11.63,12.4,0.83,-0.07,91.89,93.52,35.8,4.77
Helios Flexi Cap Fund,Helios,Flexi Cap,5.46,2.61,7094.0,1.8,16.56,16.6,0.59,0.69,26.35,10.35,6.53,,,,,,1.08,0.67,113.13,97.53,33.82,4.34
Navi Flexi Cap Fund,Navi,Flexi Cap,5.43,7.98,266.0,2.47,11.88,16.86,0.34,0.39,24.93,11.06,4.47,12.06,11.63,12.7,,,0.95,0.56,111.05,101.75,22.26,3.47
Quant Flexi Cap Fund,Quant,Flexi Cap,8.18,17.73,6994.0,1.82,14.4,18.32,0.45,0.58,28.63,15.09,1.87,18.69,16.75,23.43,19.62,14.5,1.02,-0.19,112.51,119.75,39.07,3.65
Invesco India Flexi Cap Fund,Invesco India,Flexi Cap,5.36,4.36,4956.0,1.85,15.67,14.36,0.61,0.78,22.19,2.66,5.08,18.36,,,,,1.05,0.69,129.18,114.43,37.91,5.66
LIC MF Flexi Cap Fund,LIC MF,Flexi Cap,4.84,28.32,997.0,2.23,9.32,33.3,0.23,0.25,33.43,8.67,1.8,11.93,11.15,12.83,11.18,10.85,1.0,0.08,109.27,107.85,36.07,4.51
ICICI Pru Flexicap Fund,ICICI Pru,Flexi Cap,5.91,4.95,21189.0,1.63,14.47,13.43,0.56,0.74,22.45,7.37,5.47,15.92,,,,,0.93,0.49,108.82,97.06,32.55,4.9
AXIS Flexi Cap Fund,AXIS,Flexi Cap,4.23,8.62,12625.0,1.71,12.34,15.3,0.39,0.46,22.66,4.25,4.28,13.1,10.16,12.73,,,0.96,0.57,113.77,104.29,31.88,4.5
Motilal Oswal Flexi Cap Fund,Motilal Oswal,Flexi Cap,4.7,12.19,12937.0,1.71,15.62,16.71,0.54,0.64,25.14,-1.78,3.59,18.37,12.28,12.28,12.67,,1.03,0.24,118.7,110.63,46.4,4.58
360 ONE FlexiCap Fund,360 ONE,Flexi Cap,4.57,2.97,2042.0,2.06,16.06,14.92,0.61,0.74,24.61,6.61,3.43,,,,,,1.02,0.6,112.21,99.11,29.35,4.23
ITI Flexi Cap Fund,ITI,Flexi Cap,6.11,3.34,1314.0,2.1,21.78,15.45,0.91,1.04,24.45,9.79,5.28,18.55,,,,,1.09,0.66,122.13,108.19,28.24,4.07
ICICI Pru MidCap Fund,ICICI Pru,Mid Cap,7.13,21.76,7789.0,1.88,17.55,19.26,0.59,0.69,29.81,10.19,7.71,23.67,17.99,19.66,16.67,17.02,1.04,-0.08,94.98,81.66,31.35,4.53
HSBC Midcap Fund,HSBC,Mid Cap,8.59,21.98,14249.0,2.28,18.95,19.06,0.65,0.75,28.56,14.41,9.69,25.58,18.66,19.27,17.04,17.76,0.89,1.05,131.53,62.44,41.14,5.29
Quant Mid Cap Fund,Quant,Mid Cap,3.47,25.38,8109.0,2.17,12.99,13.83,0.47,0.5,19.94,0.04,-5.6,15.34,15.9,22.09,16.92,14.7,0.74,0.2,99.91,48.03,34.8,4.08
Taurus Mid Cap Fund,Taurus,Mid Cap,3.25,30.61,125.0,2.65,9.63,23.61,0.22,0.25,36.91,-4.58,-3.02,10.95,11.42,15.79,14.24,15.09,0.96,-0.34,92.1,128.87,22.9,3.02
Edelweiss Mid Cap Fund,Edelweiss,Mid Cap,6.54,18.58,16849.0,1.9,13.51,18.57,0.41,0.48,27.99,4.09,6.7,22.55,18.79,22.0,18.31,19.04,0.91,-0.21,94.49,83.01,32.48,4.69
Baroda BNP Paribas Mid Cap Fund,Baroda BNP Paribas,Mid Cap,5.97,20.25,2461.0,2.16,12.6,19.14,0.37,0.42,29.48,8.88,4.49,19.14,15.67,19.28,15.34,17.58,0.85,-0.2,88.55,59.62,32.7,4.71
Sundaram Mid Cap Fund,Sundaram,Mid Cap,6.6,24.01,13687.0,1.89,23.15,19.18,0.83,0.98,28.58,5.71,6.54,21.19,18.19,17.92,14.72,16.2,0.95,-0.37,89.92,72.87,34.43,4.62
AXIS Midcap Fund,AXIS,Mid Cap,4.64,15.43,32852.0,1.7,17.43,14.52,0.72,0.87,23.03,3.89,4.07,16.89,14.2,18.19,16.68,17.58,0.86,-0.28,91.26,80.49,38.54,5.67
UTI-Mid Cap Fund,UTI,Mid Cap,2.56,22.32,12122.0,1.86,16.58,18.85,0.55,0.64,29.6,-0.16,1.08,13.55,13.06,17.4,13.7,16.33,0.92,-0.61,87.01,76.34,32.45,4.17
Nippon India Growth Mid Cap Fund,Nippon India Growth,Mid Cap,7.54,30.68,47415.0,1.56,21.88,20.04,0.75,0.93,31.19,6.79,6.94,21.92,20.41,21.64,18.41,16.54,0.99,-0.11,99.04,103.18,28.95,4.12
Mahindra Manulife Mid Cap Fund,Mahindra Manulife,Mid Cap,6.72,8.46,4866.0,2.09,16.53,16.91,0.59,0.66,25.0,8.12,4.7,21.71,18.19,21.31,,,0.98,0.32,102.83,76.96,31.39,3.59
Bandhan Midcap Fund,Bandhan,Mid Cap,5.08,3.89,2205.0,2.12,17.2,14.94,0.69,0.81,24.89,6.31,3.82,18.84,,,,,0.91,0.57,109.84,82.48,44.93,6.36
ITI Mid Cap Fund,ITI,Mid Cap,5.07,5.35,1395.0,2.6,16.68,16.27,0.62,0.71,27.48,6.66,2.02,21.29,15.14,,,,0.95,0.27,104.7,103.83,30.97,3.96
WhiteOak Capital Mid Cap Fund,WhiteOak Capital,Mid Cap,6.64,3.83,5732.0,2.26,21.68,14.7,0.95,1.13,23.78,10.51,10.7,23.21,,,,,0.84,0.91,112.55,53.12,31.08,4.3
Tata Mid Cap Fund,Tata,Mid Cap,4.83,30.35,5732.0,2.02,15.19,19.65,0.48,0.5,29.18,4.72,1.96,18.06,15.83,18.24,16.05,17.04,0.91,-0.73,86.35,98.01,31.64,3.89
PGIM India Midcap Fund,PGIM India,Mid Cap,1.55,12.63,10822.0,1.97,15.98,16.48,0.58,0.66,25.6,-0.84,1.69,11.69,12.04,20.06,15.48,,0.95,-0.39,92.36,86.71,35.26,5.18
LIC MF Midcap Fund,LIC MF,Mid Cap,3.62,9.47,357.0,2.44,12.46,16.97,0.38,0.43,25.93,2.02,1.47,17.98,13.8,16.41,,,0.97,0.85,116.45,101.66,35.76,4.89
Union Midcap Fund,Union,Mid Cap,5.12,6.31,1771.0,2.29,29.57,16.12,1.27,1.52,25.74,7.08,5.16,18.02,15.78,,,,0.95,0.05,99.69,86.5,36.78,4.94
DSP Midcap Fund,DSP,Mid Cap,3.72,19.71,19673.0,1.68,14.88,17.98,0.49,0.58,28.54,3.87,3.43,17.82,12.29,15.88,14.23,15.48,0.93,-0.37,89.48,81.76,27.97,3.85
SBI Midcap Fund,SBI,Mid Cap,3.48,21.34,23417.0,1.83,16.09,19.4,0.52,0.59,29.3,0.46,1.45,12.75,14.72,18.72,13.79,17.15,0.83,-0.22,91.84,89.36,40.79,4.72
Aditya Birla SL Midcap Fund,Aditya Birla SL,Mid Cap,4.96,23.83,6398.0,2.02,20.41,19.15,0.72,0.85,28.69,5.39,4.84,18.07,15.73,16.58,13.73,14.65,0.93,0.5,110.74,91.14,33.78,4.73
HDFC Mid Cap Fund,HDFC,Mid Cap,7.86,19.1,97350.0,1.29,17.2,16.9,0.63,0.75,26.64,5.37,6.54,20.22,19.88,21.02,17.7,18.5,0.84,-0.43,85.48,67.66,24.99,3.39
JM Midcap Fund,JM,Mid Cap,5.75,3.62,1217.0,2.4,22.33,16.59,0.89,1.06,26.97,7.75,3.06,21.95,,,,,1.01,1.52,134.1,86.91,33.57,4.52
Kotak Midcap Fund,Kotak,Mid Cap,6.58,19.33,64749.0,1.38,14.85,17.86,0.49,0.57,27.52,6.26,5.95,20.09,17.29,20.62,17.44,18.66,0.93,0.52,106.79,73.36,28.13,4.18
Canara Robeco Mid Cap Fund,Canara Robeco,Mid Cap,4.71,3.59,4622.0,2.23,18.03,14.92,0.74,0.89,24.88,4.49,4.56,18.46,,,,,0.97,0.33,106.02,94.69,33.2,4.41
Franklin India Mid Cap Fund,Franklin India,Mid Cap,3.61,31.8,12231.0,1.87,16.72,20.43,0.53,0.65,31.92,-0.92,2.8,17.85,14.76,16.48,14.26,16.69,0.97,-0.25,94.64,95.19,32.28,3.78
Motilal Oswal Midcap Fund,Motilal Oswal,Mid Cap,6.27,12.4,36458.0,1.54,19.95,17.5,0.74,0.88,26.33,-9.01,-0.43,17.97,21.76,21.05,16.24,,1.12,,103.34,113.28,44.08,5.03
Mirae Asset Midcap Fund,Mirae Asset,Mid Cap,5.59,6.96,19003.0,1.99,21.84,17.91,0.82,0.88,27.83,8.53,6.2,18.74,16.22,,,,0.96,0.64,112.8,107.41,36.61,3.85
Invesco India Midcap Fund,Invesco India,Mid Cap,7.94,19.28,12397.0,1.87,16.77,17.64,0.59,0.69,26.56,9.64,12.95,25.7,20.22,22.32,18.68,18.84,1.09,1.68,145.65,105.36,44.88,4.81
